"Status","Start Time","Stop Time","Duration in ms","Parent Suite","Suite","Sub Suite","Test Class","Test Method","Name","Description"
"broken","Tue Aug 06 14:40:09 IST 2024","Tue Aug 06 14:40:17 IST 2024","7294","","","","","","CreateReservationGRVZZ",""
"broken","Tue Aug 06 11:53:28 IST 2024","Tue Aug 06 11:53:47 IST 2024","18860","","","","","","GRVZZ",""
"broken","Tue Jul 30 22:07:09 IST 2024","Tue Jul 30 22:08:01 IST 2024","51580","","","","","","CreateReservDemo3",""
"broken","Mon Aug 12 15:29:57 IST 2024","Mon Aug 12 15:30:46 IST 2024","49430","","","","","","GRVXX3night",""
"passed","Thu Aug 15 18:37:00 IST 2024","Thu Aug 15 18:37:05 IST 2024","4207","","","","","","createReservation",""
"broken","Wed Aug 07 14:42:16 IST 2024","Wed Aug 07 14:42:30 IST 2024","13640","","","","","","PutReservationCash",""
"broken","Wed Aug 07 10:07:57 IST 2024","Wed Aug 07 10:08:47 IST 2024","49700","","","","","","GRVXX2night",""
"broken","Mon Aug 12 10:48:27 IST 2024","Mon Aug 12 10:48:59 IST 2024","31790","","","","","","CopyReservationScenario",""
"failed","Wed Jul 31 12:19:21 IST 2024","Wed Jul 31 12:19:21 IST 2024","4","","","","","","Fake1",""
"broken","Wed Aug 07 14:44:09 IST 2024","Wed Aug 07 14:44:21 IST 2024","11320","","","","","","Putreservation1night",""
"broken","Thu Aug 15 18:26:14 IST 2024","Thu Aug 15 18:27:02 IST 2024","48271","","","","","","ReservationDemo",""
"broken","Tue Aug 06 14:26:16 IST 2024","Tue Aug 06 14:27:11 IST 2024","55550","","","","","","GRVZZ4night",""
"passed","Tue Jul 30 11:12:17 IST 2024","Tue Jul 30 11:13:00 IST 2024","42680","","","","","","sheet1",""
"failed","Thu Aug 01 10:55:28 IST 2024","Thu Aug 01 10:55:28 IST 2024","1","","","","","","FakeData1",""
"passed","Thu Aug 15 17:53:48 IST 2024","Thu Aug 15 17:54:13 IST 2024","24390","","","","","","CreateReservDemo",""
"broken","Tue Jul 30 12:31:41 IST 2024","Tue Jul 30 12:33:31 IST 2024","110200","","","","","","Sheet1",""
"passed","Tue Aug 06 11:11:21 IST 2024","Tue Aug 06 11:11:27 IST 2024","5063","","","","","","GetOHIP",""
"broken","Mon Aug 12 13:20:02 IST 2024","Mon Aug 12 13:21:21 IST 2024","79360","","","","","","ReservationThreenight",""
"failed","Fri Jul 26 10:52:11 IST 2024","Fri Jul 26 10:52:11 IST 2024","2","","","","","","generateFakedata",""
"failed","Thu Aug 01 12:25:11 IST 2024","Thu Aug 01 12:25:11 IST 2024","1","","","","","","SheetToSheet2",""
"broken","Fri Aug 02 17:38:12 IST 2024","Fri Aug 02 17:39:53 IST 2024","100900","","","","","","Reservation1",""
"failed","Thu Aug 01 10:53:34 IST 2024","Thu Aug 01 10:53:34 IST 2024","2","","","","","","FakeData",""
"failed","Mon Jul 29 16:37:46 IST 2024","Mon Jul 29 16:37:46 IST 2024","2","","","","","","FakeData3",""
"broken","Wed Aug 07 10:41:12 IST 2024","Wed Aug 07 10:42:04 IST 2024","52690","","","","","","GRVXX4night",""
"passed","Thu Aug 08 13:19:30 IST 2024","Thu Aug 08 13:20:16 IST 2024","45970","","","","","","SplitRoomScenario",""
"broken","Tue Aug 06 15:29:24 IST 2024","Tue Aug 06 15:30:17 IST 2024","53270","","","","","","GRVXX1night",""
"passed","Mon Jul 22 15:50:56 IST 2024","Mon Jul 22 15:51:11 IST 2024","15470","","","","","","sample",""
"broken","Wed Aug 07 14:46:41 IST 2024","Wed Aug 07 14:46:48 IST 2024","7212","","","","","","PutReservationCC",""
"broken","Mon Aug 05 10:55:02 IST 2024","Mon Aug 05 10:55:51 IST 2024","49540","","","","","","Reservation3",""
"broken","Tue Aug 06 13:55:13 IST 2024","Tue Aug 06 13:56:06 IST 2024","52910","","","","","","GRVZZ3night",""
"failed","Thu Aug 01 12:21:21 IST 2024","Thu Aug 01 12:21:21 IST 2024","1","","","","","","SheetToSheet1",""
"broken","Tue Jul 23 15:43:05 IST 2024","Tue Jul 23 15:43:10 IST 2024","4533","","","","","","GetGRS",""
"passed","Tue Jul 23 15:31:10 IST 2024","Tue Jul 23 15:31:39 IST 2024","29790","","","","","","CreateReservDemo5",""
"passed","Tue Aug 06 15:01:08 IST 2024","Tue Aug 06 15:01:18 IST 2024","9492","","","","","","CreateReservationGRVXX",""
"broken","Mon Aug 05 13:02:29 IST 2024","Mon Aug 05 13:03:25 IST 2024","55921","","","","","","Reservation4",""
"passed","Mon Jul 29 10:14:31 IST 2024","Mon Jul 29 10:16:00 IST 2024","89220","","","","","","New",""
"failed","Fri Jul 26 11:18:06 IST 2024","Fri Jul 26 11:18:06 IST 2024","2","","","","","","generateFakedata",""
"broken","Wed Aug 07 15:14:27 IST 2024","Wed Aug 07 15:14:33 IST 2024","6155","","","","","","GRVEU1night",""
"failed","Thu Aug 01 11:47:09 IST 2024","Thu Aug 01 11:47:09 IST 2024","2","","","","","","SheetToSheet",""
"broken","Sat Aug 03 14:57:51 IST 2024","Sat Aug 03 14:58:43 IST 2024","51990","","","","","","Reservation2",""
"failed","Thu Aug 01 10:22:47 IST 2024","Thu Aug 01 10:22:47 IST 2024","1","","","","","","FakeExcelToExcel",""
"broken","Tue Aug 06 13:41:53 IST 2024","Tue Aug 06 13:42:47 IST 2024","54571","","","","","","GRVZZ2night",""
"broken","Wed Jul 31 09:18:26 IST 2024","Wed Jul 31 09:19:25 IST 2024","58830","","","","","","sheet2",""
"failed","Wed Jul 31 14:41:28 IST 2024","Wed Jul 31 14:41:28 IST 2024","0","","","","","","FakeData4",""
"failed","Wed Jul 31 09:22:32 IST 2024","Wed Jul 31 09:22:32 IST 2024","1","","","","","","FakeData2",""
